category,rating,label,text_
Home_and_Kitchen_5,5.0,CG,"Love this!  Well made, sturdy, and very comfortable.  I love it!Very pretty"
Home_and_Kitchen_5,5.0,CG,"love it, a great upgrade from the original.  I've had mine for a couple of years"
Home_and_Kitchen_5,5.0,CG,This pillow saved my back. I love the look and feel of this pillow.
Home_and_Kitchen_5,1.0,CG,"Missing information on how to use it, but it is a great product for the price!  I"
Home_and_Kitchen_5,5.0,CG,Very nice set. Good quality. We have had the set for two months now and have not been
Home_and_Kitchen_5,3.0,CG,I WANTED DIFFERENT FLAVORS BUT THEY ARE NOT.
Home_and_Kitchen_5,5.0,CG,They are the perfect touch for me and the only thing I wish they had a little more space.
Home_and_Kitchen_5,3.0,CG,These done fit well and look great.  I love the smoothness of the edges and the extra
Home_and_Kitchen_5,5.0,CG,"Great big numbers & easy to read, the only thing I didn't like is the size of the"
Home_and_Kitchen_5,5.0,CG,My son loves this comforter and it is very well made.  We also have a baby
Home_and_Kitchen_5,5.0,CG,As advertised. 5th one I've had. The only problem is that it's not really a
Home_and_Kitchen_5,5.0,CG,Very handy for one of my kids and the tools are included in the package. I have one in
Home_and_Kitchen_5,5.0,CG,"Did someone say, ""Oriental for $60""?  It is a great product for the"
Home_and_Kitchen_5,1.0,CG,These are so flimsy! They are not the quality you would expect from a piece of furniture.
Home_and_Kitchen_5,5.0,CG,Makes may tea with out stirring. The only problem is that it's kind of hard to put
Home_and_Kitchen_5,5.0,CG,Absolutely adorable! And excellent price. We have had the wooden ones for a few months now and they
Home_and_Kitchen_5,5.0,CG,Love this!  Perfect size for an entire family!Very good quality.
Home_and_Kitchen_5,5.0,CG,These look beautiful and so nice. The only problem is that it's not really a mesh one.
Home_and_Kitchen_5,5.0,CG,Exactly what you would expect. I love the look and feel of this pillow.
Home_and_Kitchen_5,5.0,CG,"10 Stars, I would highly recommend this item. We love this blanket."
Home_and_Kitchen_5,5.0,CG,Great little egg masher.  We have had it for a few months now and it's been
Home_and_Kitchen_5,5.0,CG,"As advertised.  Easy to use.  Love the colors.  Also, the dimensions are just"
Home_and_Kitchen_5,5.0,CG,it is exactly as pictured. I love the look and feel of this pillow.
Home_and_Kitchen_5,5.0,CG,"Fantastic, just what I wanted!!!  I love the look and feel of this pillow."
Home_and_Kitchen_5,5.0,CG,"Supposed to come with extra hardware. The only problem is that it's not really a vacuum,"
Home_and_Kitchen_5,5.0,CG,Easy to use. Seems to be an easy way to make a smoothie for a small person.
Home_and_Kitchen_5,2.0,CG,Not what I am accustomed to. The only reason I gave it 4 stars is because I just can
Home_and_Kitchen_5,5.0,CG,"Nice product & seller. Yes, it is a very thin plastic piece. However, the handle has"
Home_and_Kitchen_5,5.0,CG,So good we bought the second set and they look just like the first one. I am not sure
Home_and_Kitchen_5,5.0,CG,Wonderful aroma throughout the house.  The only problem is that it's kind of hard to put
Home_and_Kitchen_5,5.0,CG,Received in no time flat.  I love the look.  My husband likes it too.
Home_and_Kitchen_5,3.0,CG,These are okay they are not as nice as the ones I got from my local store but they are
Home_and_Kitchen_5,3.0,CG,gave them away - thought it would be a good addition to my kitchen!  I am very
Home_and_Kitchen_5,4.0,CG,"Product is fine, wish it had an option to have a separate handle."
Home_and_Kitchen_5,5.0,CG,"Awesome is all I have to say, the materials are good, and the quality is decent."
Home_and_Kitchen_5,3.0,CG,Way too heavy for everyday use. The only reason I gave it 4 stars is because the one we
Home_and_Kitchen_5,5.0,CG,"Well made, works great.  We have had the wooden part of the cup for a couple of"
Home_and_Kitchen_5,5.0,CG,Bought these to go with my old suction cups. I also love that they are removable and
Home_and_Kitchen_5,5.0,CG,Just as expected! Looks great and has the design to make it a nice place for the baby to
Home_and_Kitchen_5,1.0,CG,"Awful experience, everything stuck, cooked evenly. The only problem is that it's not really a"
Home_and_Kitchen_5,5.0,CG,Does a great job of keeping the suction on. I also love that it doesn't slide.
Home_and_Kitchen_5,2.0,CG,"SHEET COLOR IS NICE BUY FOR MY SIZE FOR MY TOWN.
"
Home_and_Kitchen_5,5.0,CG,Save $ on these instead of the original shipping box. I will keep my money!Very pretty.
Home_and_Kitchen_5,5.0,CG,"These towels are real nice, and I love the feel of them.  They have a nice feel"
Home_and_Kitchen_5,5.0,CG,"Works great, easy to clean, and easy to clean. I will be purchasing more!Very pretty"
Home_and_Kitchen_5,3.0,CG,"Alright for the price,but was a little disappointed with the quality of the product."
Home_and_Kitchen_5,4.0,CG,"Great quality, beautiful color.  We have had the same one for a few months now and love"
Home_and_Kitchen_5,1.0,CG,I put paper in one corner of the cabinet and put a piece of paper in the other corner.
Home_and_Kitchen_5,5.0,CG,Great stickers but a little small. The only reason I gave it 4 stars is because the one in
Home_and_Kitchen_5,5.0,CG,Great quality and the fabric looks great.  It is thick enough to hold a small amount of coffee
Home_and_Kitchen_5,5.0,CG,Perfect. They do exactly what I need them to do. I will keep them for a long time
Home_and_Kitchen_5,5.0,CG,Love this movie & the time it took to finish. I will keep my review for the next time
Home_and_Kitchen_5,1.0,CG,"Will not seal properly. Atrocious little ones, they feel like they will break if you throw"
Home_and_Kitchen_5,5.0,CG,Got these for the third time.  I have a small dog and my son loves to throw them
Home_and_Kitchen_5,5.0,CG,Excellent product and a much better quality than the one you get at Walmart for $50.
Home_and_Kitchen_5,5.0,OR,"These are just perfect, exactly what I was looking for."
Home_and_Kitchen_5,5.0,OR,Such a great purchase can't beat it for the price
Home_and_Kitchen_5,5.0,OR,What can you say--- cheap and it works as intended.
Home_and_Kitchen_5,5.0,OR,"These are so nice, sturdy, like the color choices too."
Home_and_Kitchen_5,5.0,OR,It is nice bowl and have had a fast shipping!
Home_and_Kitchen_5,5.0,OR,Great cup. Will last forever. Keeps things cool / warm.
Home_and_Kitchen_5,5.0,OR,"Love them, just thought they would be a bit bigger!"
Home_and_Kitchen_5,5.0,OR,Excellent quality product. Perfect for my ccozinha.
Home_and_Kitchen_5,5.0,OR,This fan is really pretty and I actually use it.
Home_and_Kitchen_5,1.0,OR,"Super rough, not soft wash cloths, more like bar towels"
Home_and_Kitchen_5,5.0,OR,Like this little guy. Use it often. He is small.
Home_and_Kitchen_5,5.0,OR,Perfect size .easy to unfold. Topremoves for storage. Love this.
Home_and_Kitchen_5,1.0,OR,Does not do a very good job; difficult to use.
Home_and_Kitchen_5,5.0,OR,frame was beautifully crafted and looks great with my picture.
Home_and_Kitchen_5,5.0,OR,My hot cocoa is finally perfect! This product is fabulous
Home_and_Kitchen_5,5.0,OR,i bought this for a friend and he loves it.
Home_and_Kitchen_5,5.0,OR,Very soft and great quality for such a low price!
Home_and_Kitchen_5,5.0,OR,Purchased as a Christmas gift.  She will love it.
Home_and_Kitchen_5,5.0,OR,"accurate description, works great, came on time, i'm very happy!"
Home_and_Kitchen_5,5.0,OR,Use it in my Duvet cover. Fluffy and perfect fit!
Home_and_Kitchen_5,5.0,OR,One of the softest blankets ever. So nice and cozy.
Home_and_Kitchen_5,5.0,OR,"Smells great, and the fine mist dries quickly. My favorite."
Home_and_Kitchen_5,5.0,OR,Exactly what I was expecting. perfect curtains for my bedroom.
Home_and_Kitchen_5,4.0,OR,Just what I wanted to hang my pants and skirts.
Home_and_Kitchen_5,3.0,OR,"It's kind of small, we were looking for something larger."
Home_and_Kitchen_5,4.0,OR,A little pricey for what it is.
Home_and_Kitchen_5,5.0,OR,works great & the charge kept up all day long
Home_and_Kitchen_5,5.0,OR,This is a nice quality frame at a good price
Home_and_Kitchen_5,3.0,OR,"Does the job, but nothing special. Not hard to install."
Home_and_Kitchen_5,5.0,OR,Item as described and arrived in a timely manner.
Home_and_Kitchen_5,3.0,OR,Bought 2 and sent one back because it didn't work
Home_and_Kitchen_5,5.0,OR,"Made well holds all my make brushes, pencils, mascara etc."
Home_and_Kitchen_5,1.0,OR,"sheds all over, would not buy it ever again. blanket."
Home_and_Kitchen_5,5.0,OR,"Works great, it's Pyrex, I'd expect nothing less from them."
Home_and_Kitchen_5,5.0,OR,"we like this little opener, real easy on my hands."
Home_and_Kitchen_5,5.0,OR,Perfect. Love everything about them. Look great in my kitchen.
Home_and_Kitchen_5,5.0,OR,air tight and it works great glad i got it
Home_and_Kitchen_5,5.0,OR,Very cute and good quality fabric. Zippers worked well too.
Home_and_Kitchen_5,5.0,OR,These were great to send my grandkids their Halloween treats
Home_and_Kitchen_5,5.0,OR,Save a ton by using these instead of paper towels!
Home_and_Kitchen_5,2.0,OR,These are so weak. They barely bring in any air.
Home_and_Kitchen_5,5.0,OR,"Great set of glasses!  Good quality, comfortable to handle."
Home_and_Kitchen_5,4.0,OR,It feels cool to the touch but is super hard.
Home_and_Kitchen_5,5.0,OR,"So cute, made well my grand daughter will love this."
Home_and_Kitchen_5,5.0,OR,Works as expected for connecting CCTV power supply to cameras.
Home_and_Kitchen_5,5.0,OR,Very Soft ! Definitely better quality than I was expecting.
Home_and_Kitchen_5,5.0,OR,Nice and contemporary. Great for the price. Easy to assemble.
Home_and_Kitchen_5,5.0,OR,Super cute and appears to be great quality! Highly recommend!
Home_and_Kitchen_5,5.0,OR,These are really cool actually.  My boyfriend loved them.
Home_and_Kitchen_5,5.0,OR,Bought as a gift for a cousin.  Very nice.
Home_and_Kitchen_5,1.0,OR,Stopped working after one use still waiting on my refund
Home_and_Kitchen_5,4.0,OR,cute and reasonably price. I am happy with my purchase.
Home_and_Kitchen_5,5.0,OR,Well received and comfortable. Gave as gift to dialysis patient.
Home_and_Kitchen_5,2.0,OR,"do not expected to be so poor on quality ,"
Home_and_Kitchen_5,5.0,OR,Easy to review. The kid DDS love them!  Thanks
Home_and_Kitchen_5,3.0,CG,"Really ruff under your feet, it feels very sturdy. I will keep my feet in the chair"
Home_and_Kitchen_5,5.0,CG,Order to place special photos on the wall.  We've had it for a couple of weeks and
Home_and_Kitchen_5,5.0,CG,"baby like it! Thermal insulation helps to keep the food warmer.

The thermal insulation helps keep"
Home_and_Kitchen_5,4.0,CG,"I like it, just wish it had more wide opening. I also love that it's been made"
Home_and_Kitchen_5,5.0,CG,I love pyrex quality and this set is the best. I will be purchasing more in the future
Home_and_Kitchen_5,5.0,CG,"Perfect for additional storage and convenience. The only problem is that it's not really a vacuum, but"
Home_and_Kitchen_5,5.0,CG,These smell great! I'm pretty happy with the quality and quality of this product!This is a
Home_and_Kitchen_5,2.0,CG,The turquoise is almost neon. It's a very bright pink.
Home_and_Kitchen_5,5.0,CG,"Easy to hold, and the material is nice and thick. I will keep my shelves in order and"
Home_and_Kitchen_5,5.0,CG,"Works great for chocolate, yogurt, or any other fruit. I also love that it's removable and"
Home_and_Kitchen_5,5.0,CG,Love it. I think I will buy more.Very nice set of knives!  I have one
Home_and_Kitchen_5,5.0,CG,Nice small ottoman that does what it should.  Not too big or too small. 
Home_and_Kitchen_5,5.0,CG,they look great in my kitchen. The only problem is that it's kind of hard to put the
Home_and_Kitchen_5,5.0,CG,Bought this as a Father's Day gift and it's just what I needed!  I love
Home_and_Kitchen_5,5.0,CG,"Great for winter months, very soft and comfortable.  I've slept on this for about a week"
Home_and_Kitchen_5,3.0,CG,Nice soft sheets but I find it difficult to put them on a bed that is too warm and doesn
Home_and_Kitchen_5,5.0,CG,"This is a beautifully made, sturdy, and very comfortable chair.  It is very comfortable and functional"
Home_and_Kitchen_5,3.0,CG,Need to buy two to go with the wide wooden legs of the bedding. I have one in
Home_and_Kitchen_5,5.0,CG,Very nice and sturdy. I use it as a long-term storage container for my small bags of
Home_and_Kitchen_5,5.0,CG,"Just as good as original-type containers, the wooden handle is smooth and solid, the handle fits"
Home_and_Kitchen_5,5.0,CG,"Excellent, the grill looks very nice. The only problem is that it's not really a vacuum,"
Home_and_Kitchen_5,5.0,CG,"Nice large, sturdy canvas tote, and it's lightweight and comfortable."
Home_and_Kitchen_5,5.0,CG,Good quality and good price. I love the look and feel of this pillow.
Home_and_Kitchen_5,1.0,CG,"I ordered the light blue, and it arrived with a very small opening.  The yellow was just"
Home_and_Kitchen_5,5.0,CG,Purchased as a gift!  We have had this one for two months now and it's
Home_and_Kitchen_5,5.0,CG,Very good price for product!I have had this for a few months now and have used it every
Home_and_Kitchen_5,5.0,CG,"Gets all the shampoo &/or conditioner you want, and I will keep my shower in"
Home_and_Kitchen_5,5.0,CG,This is a mini-chair! Not a real chair. It is a full chair that is comfortable
Home_and_Kitchen_5,5.0,CG,Happy with my purchase.  We have had the same mattress for a few months now and this one
Home_and_Kitchen_5,5.0,CG,Works great to keep light on. The only problem is that it's kind of hard to put the
Home_and_Kitchen_5,5.0,CG,"Bought for son in college, and he loves it!Very good quality."
Home_and_Kitchen_5,1.0,CG,"Terrible, complete waste of money. Not a whole lot to say."
Home_and_Kitchen_5,4.0,CG,It looks very nice in my bedroom and the materials are good.  I have a large one and
Home_and_Kitchen_5,5.0,CG,Easy to put together and looks nice and the finish is good.  I have a large one and
Home_and_Kitchen_5,5.0,CG,Just what I expected!!! Made a real difference in the quality of my kitchen!This is a pretty
Home_and_Kitchen_5,5.0,CG,"I'm so glad I got this set, as it is a great deal for the price! "
Home_and_Kitchen_5,5.0,CG,"Do the job, are adorable, and have the quality to make them a nice addition to the kitchen"
Home_and_Kitchen_5,2.0,CG,Too much work.  This is an easy way to make a smoothie that is perfect for the
Home_and_Kitchen_5,3.0,CG,Just okay. Did not fit my containers well. We love this blanket.
Home_and_Kitchen_5,5.0,CG,"As far as little plastic, it's fine, but I'm not sure how well it will hold"
Home_and_Kitchen_5,5.0,CG,"So nice, was a gift for a friend. We love this blanket."
Home_and_Kitchen_5,4.0,CG,Skinnier than I thought. But it has the quality and design of a lot of other products
Home_and_Kitchen_5,5.0,CG,Very quick shipping and excellent customer service.  Great value for the money!This is a great little
Home_and_Kitchen_5,5.0,CG,"Works great, this design makes it easy to hang and it is a nice size for the size of"
Home_and_Kitchen_5,5.0,CG,Perfect! Works in your oven and has the right height. I also love that it's removable and
Home_and_Kitchen_5,5.0,CG,"Service was great, can't wait to try it out!Very good quality."
Home_and_Kitchen_5,5.0,CG,Arrived quickly and is the perfect size for the long haul.  I also have a large one
Home_and_Kitchen_5,1.0,CG,"CHEAP CHINA.  Not a big deal, but it is a little pricey for a"
Home_and_Kitchen_5,4.0,CG,Gave to Mother as a gift. The quality is good but it's not really the best one
Home_and_Kitchen_5,3.0,CG,"Great for spices but not for anything else.  Not good enough.Nice, sturdy, and functional"
Home_and_Kitchen_5,1.0,OR,My car smells no different after 3 weeks.  Snake oil.
Home_and_Kitchen_5,5.0,OR,This pillow cushion is well constructed and easily washed. Very comfortable.
Home_and_Kitchen_5,5.0,OR,Haven't used the big ones but the small ones work great!
Home_and_Kitchen_5,5.0,OR,Takes out the mystery of when my meat is finished cooking
Home_and_Kitchen_5,3.0,OR,Its nice to have an organizer large enough for the utensils.
Home_and_Kitchen_5,5.0,OR,Works perfectly.  Easy to put in your art and hang.
Home_and_Kitchen_5,5.0,OR,Great little rug!  I'd buy it again in different colors.
Home_and_Kitchen_5,4.0,OR,Holds some gift wrap but not longer tubes which is disappointing.
Home_and_Kitchen_5,4.0,OR,Belts never last long enough but this seems to work okay.
Home_and_Kitchen_5,5.0,OR,"Such a great price, less expensive than renting & great quality"
Home_and_Kitchen_5,4.0,OR,Good for the price but doesn't soften up much after washing
Home_and_Kitchen_5,5.0,OR,I love these sheets!!!!  Goes great with my star quilts
Home_and_Kitchen_5,5.0,OR,Great mug - bigger than I thought it would be too!
Home_and_Kitchen_5,5.0,OR,I gave this as a gift and my daughter loves hers.
Home_and_Kitchen_5,5.0,OR,These are great!  Great space saver in our laundry room!
Home_and_Kitchen_5,5.0,OR,Very flexible leading edge not quite as helpful under all conditions.
Home_and_Kitchen_5,1.0,OR,bottom will not stay on.....zero customer service  do not buy
Home_and_Kitchen_5,4.0,OR,"Very nice, elegant glass and does improve the taste of wine."
Home_and_Kitchen_5,5.0,OR,excellent product if you are a side sleeper this is perfect
Home_and_Kitchen_5,5.0,OR,When there not in the oven they make great place mats
Home_and_Kitchen_5,5.0,OR,love it  it is so cute in my new bathroom
Home_and_Kitchen_5,5.0,OR,Exactly as pictured! Sturdy and perfect for baking and cooking needs!
Home_and_Kitchen_5,5.0,OR,Top notch artistry done on this bust from grand jesters studios.
Home_and_Kitchen_5,5.0,OR,Love these and I get many comments on this spoon :-)
Home_and_Kitchen_5,5.0,OR,"Did not expect this table to  be this nice, Thanks"
Home_and_Kitchen_5,5.0,OR,Great product. Arrived on time and matched my shower curtain perfectly.
Home_and_Kitchen_5,5.0,OR,a nice secondary vacuum for small apartments and reaching tight areas
Home_and_Kitchen_5,5.0,OR,"Good size, good value for money. Looks great in my bar."
Home_and_Kitchen_5,3.0,OR,"Somewhat hard to clean, not as convenient as I had hoped."
Home_and_Kitchen_5,5.0,OR,Works Great with all my battery candles of the same brand.
Home_and_Kitchen_5,3.0,OR,Ok pillow kind of too hard and firm not very soft
Home_and_Kitchen_5,5.0,OR,"Perfection. Beyond easy to use, minimal effort, fast and perfect froth."
Home_and_Kitchen_5,5.0,OR,Love this item. I smile every time I I use it
Home_and_Kitchen_5,5.0,OR,Fleece blanket is cozy warm. It was exactly what I wanted.
Home_and_Kitchen_5,3.0,OR,Noticed today top I'd bubbling up where a glass was set
Home_and_Kitchen_5,3.0,OR,Great for weighing in lbs and oz not grams. Fast shipping.
Home_and_Kitchen_5,5.0,OR,These were great. I just had to order a longer size.
Home_and_Kitchen_5,5.0,OR,Nice sticks; used these for almost every meal; good for PHO.
Home_and_Kitchen_5,5.0,OR,This is one of the best things I have ever bought
Home_and_Kitchen_5,4.0,OR,Love it but too small.  Would love in larger size
Home_and_Kitchen_5,5.0,OR,"Perfect for my candy buffet, and it will certainly be multipurpose."
Home_and_Kitchen_5,5.0,OR,Works perfect. Use this for my EV cord in the garage
Home_and_Kitchen_5,1.0,OR,Do not waste your money.  It broke after one month.
Home_and_Kitchen_5,4.0,OR,"A little tacky, but on the shelf in the spare bathroom."
Home_and_Kitchen_5,3.0,OR,Helps cool my memory mattress a little but not a lot.
Home_and_Kitchen_5,5.0,OR,This is perfect. I wish I would have ordered it earlier.
Home_and_Kitchen_5,5.0,OR,"Excellent packaging, Fast shipping , super quality for the right price."
Home_and_Kitchen_5,4.0,OR,Good mix - my favorite is still the Goloka Nag Champa
Home_and_Kitchen_5,5.0,OR,Just what the bride wanted came out nice with the engraving.
Home_and_Kitchen_5,4.0,OR,"The color slightly different than I got,the website pictures looks better."
Home_and_Kitchen_5,5.0,CG,"Really great, soft and warm. I love the feel of this blanket."
Home_and_Kitchen_5,1.0,CG,"LESS THEN 1 YEAR OLD, BUT NO MORE!!  I've had mine for 2 months now"
Home_and_Kitchen_5,5.0,CG,"It's a pint. And it's a pint, too.

It's also a pint"
Home_and_Kitchen_5,5.0,CG,Perfect for what I needed. I love the look and feel of this pillow.
Home_and_Kitchen_5,5.0,CG,Bought this just to pick up an old mattress and it was a nice piece of equipment. 
Home_and_Kitchen_5,2.0,CG,the plastic rings either gone or destroyed the pieces.  I will keep my old ones as gifts.
Home_and_Kitchen_5,4.0,CG,"Nice just more trouble then it looks, the finish is a bit thin, not the best quality."
Home_and_Kitchen_5,5.0,CG,Great Seller. Item just like it.Great quality and just what I needed for my kitchen! 
Home_and_Kitchen_5,5.0,CG,Very cute. Go with what you have. Not too big or too small.
Home_and_Kitchen_5,5.0,CG,looks high end and feels nice. The only problem is that it's kind of hard to put
Home_and_Kitchen_5,5.0,CG,"This mug is VERY nice.  I love the look and feel of it, and the size and"
Home_and_Kitchen_5,4.0,CG,It works really well it looks great and the materials are good.  I have a large one and
Home_and_Kitchen_5,5.0,CG,Ordered this as a gift and it arrived on time. I will keep my review for the next
Home_and_Kitchen_5,4.0,CG,Beautiful calming light. Not sure what it is. We love this blanket.
Home_and_Kitchen_5,1.0,CG,I like the clock although it has the design flaw which is that it is a little hard to read
Home_and_Kitchen_5,5.0,CG,Exactly as advertised. Better quality than the original. We love this blanket.
Home_and_Kitchen_5,5.0,CG,Perfect solution to sorting his messes and the tools. I also love that it's removable and can
Home_and_Kitchen_5,5.0,CG,"very cute item, going to go with the wide wooden legs for a nice dinner table."
Home_and_Kitchen_5,4.0,CG,Beautious!  The perfect wall clock.  It's a good size and looks great in my
Home_and_Kitchen_5,2.0,CG,Just OK. Am buying a second set.I love these containers.  They work well and look
Home_and_Kitchen_5,5.0,CG,Great comforter especially when you are on the go.  I will keep my shelves in order
Home_and_Kitchen_5,5.0,CG,"It's nice, fit just right, and the quality is good.

The only reason I"
Home_and_Kitchen_5,5.0,CG,These are very nice mugs.  They are very long and fit nicely on my shelves. 
Home_and_Kitchen_5,5.0,CG,Easy to assemble.  Arrived on time and as described.  My husband and I have been
Home_and_Kitchen_5,5.0,CG,I bought one for my daughter and it was very comfortable.  She also loves the way the bed
Home_and_Kitchen_5,5.0,CG,Wife love s it. Packed it with the pieces and it was perfect.
Home_and_Kitchen_5,5.0,CG,I love CrockPots that is perfect for the wide variety of containers.
Home_and_Kitchen_5,5.0,CG,I hang it myself and it looks nice.  I've also used it for a few hours.
Home_and_Kitchen_5,5.0,CG,"Using my second set of glasses, I thought they would be a nice addition to the kitchen. "
Home_and_Kitchen_5,5.0,CG,Big mirror that fits perfectly into my cabinet.  I've also used this for a few years.
Home_and_Kitchen_5,4.0,CG,Pretty good!  quite a few of the pieces are just too small.  I would recommend them
Home_and_Kitchen_5,5.0,CG,This is the second one that I have bought and it is a nice piece of equipment.
Home_and_Kitchen_5,5.0,CG,"Perfect size for hanging wreath, an easy to use and efficient way to make a small wreath"
Home_and_Kitchen_5,5.0,CG,"I ADORE these bowls, can't wait to make the next batch of cold drinks!This is"
Home_and_Kitchen_5,5.0,CG,They work great. I also use it as a measuring cup for measuring cupcakes.
Home_and_Kitchen_5,5.0,CG,Nice fit in the hand.  I love the feel of the fabric.  The colors are just
Home_and_Kitchen_5,4.0,CG,Great for the price!  We have had this for a few months now and have used it every
Home_and_Kitchen_5,5.0,CG,I bought these for bottling wine.  I love them.  I also like the fact that
Home_and_Kitchen_5,5.0,CG,Good padding and nice quality.  I love the feel of the fabric.  I would buy again
Home_and_Kitchen_5,5.0,CG,I love this popcorn machine!  I love the popcorn and I will keep my popcorn in this one
Home_and_Kitchen_5,3.0,CG,Nice but the size of the containers is a little small for a cup of tea.Very pretty.
Home_and_Kitchen_5,5.0,CG,Much easier to use Can't go wrong with this product. I will keep my review for the next
Home_and_Kitchen_5,5.0,CG,Great can opener that looks nice on the countertop. I will keep my opener in the drawer.
Home_and_Kitchen_5,5.0,CG,"love it, just wish the handle was more wide. Very good quality."
Home_and_Kitchen_5,1.0,CG,seems to have a defective seal. The only way to fix it is to just throw the container
Home_and_Kitchen_5,4.0,CG,works great. But boy do I love the fact that you can't just turn it off and off
Home_and_Kitchen_5,5.0,CG,"These are sturdy, snap into place, and are very comfortable.

The only reason I gave"
Home_and_Kitchen_5,5.0,CG,"These have worked out so well. The only problem is that they are small, and the one I"
Home_and_Kitchen_5,5.0,OR,"Great color and feel, very soft and great price.
I would recommend it."
Home_and_Kitchen_5,4.0,OR,Very small but works if you don't have a lot of space.
Home_and_Kitchen_5,1.0,OR,Burns the hell out of my hands. Doesn't work at high temps
Home_and_Kitchen_5,5.0,OR,Works so fast. replaced the one I broke.
Home_and_Kitchen_5,5.0,OR,This shower curtain is beautiful. Nice fabric. Looks great in my bathroom.
Home_and_Kitchen_5,4.0,OR,Use it at work with our staff of 5. Holding up well.
Home_and_Kitchen_5,5.0,OR,Great mug! Husband says it is one of his favorites.
Home_and_Kitchen_5,5.0,OR,Worked out great for the small space I had in my closet!
Home_and_Kitchen_5,3.0,OR,"Was a gift, so don't know how it is. It is beautiful."
Home_and_Kitchen_5,5.0,OR,"This product actually works. Tried before and after use, definitely a difference."
Home_and_Kitchen_5,5.0,OR,Very happy with the quality of the merchandise and the speedy delivery.
Home_and_Kitchen_5,5.0,OR,"American made! Love that, now I just need the matching measuring cups"
Home_and_Kitchen_5,3.0,OR,Not enough for a whole pie. Would need two or three sets.
Home_and_Kitchen_5,5.0,OR,Very impressed with the quality. Its a great size bag and durable.
Home_and_Kitchen_5,5.0,OR,Does what it is suppose to do. Hot water in a flash
Home_and_Kitchen_5,4.0,OR,"fantastic goblet, can store a lot of fluid like wine and beer!"
Home_and_Kitchen_5,5.0,OR,Doesn't get warm even after sitting on it for hours.
Home_and_Kitchen_5,5.0,OR,I can't believe the low price for such quality!  Love it!
Home_and_Kitchen_5,4.0,OR,This is a reorder. Rated before whwn originally purchase.
Home_and_Kitchen_5,5.0,OR,Makes a good cup of coffee and takes any of the cups
Home_and_Kitchen_5,5.0,OR,I ordered this for my husband...he loves the set...especially the noodle strainer:)
Home_and_Kitchen_5,1.0,OR,Plastic threads in the socket and the bulbs sent do not fit.
Home_and_Kitchen_5,3.0,OR,Nice. haven't totally unpacked it yet. is a gift. Styrofoam all over the place.
Home_and_Kitchen_5,2.0,OR,don't last long if you pull it along but otherwise it's ok
Home_and_Kitchen_5,5.0,OR,Exactly what I was looking for.  Love that they are clear.
Home_and_Kitchen_5,5.0,OR,These are great toilet brush holders. Sleek design and appear well made
Home_and_Kitchen_5,5.0,OR,Excellent service; arrived quickly and as promised. This is a lovely lamp.
Home_and_Kitchen_5,5.0,OR,I loved this! Small little cookie cutter - does its job perfectly.
Home_and_Kitchen_5,4.0,OR,"Makes keeping track of shoes easier, up off the floor and visible."
Home_and_Kitchen_5,5.0,OR,Wonderful product.  Shipped promptly.  Ordered about ten sets a gifts.
Home_and_Kitchen_5,3.0,OR,"very slow toasting, my rye bread becomes rock hard before it's toasted."
Home_and_Kitchen_5,3.0,OR,"I do find it a bit too soft, but overall it's ok."
Home_and_Kitchen_5,4.0,OR,I bought 10 of them and one of the corners was broken.
Home_and_Kitchen_5,5.0,OR,"I want more
The perfect pasta,cereal,ice cream,soup bowl ever perfect size for cereal"
Home_and_Kitchen_5,5.0,OR,I love the Blue Air product and these filter covers are awesome!
Home_and_Kitchen_5,5.0,OR,Love it! Good quality and nice soft night light and noise variations
Home_and_Kitchen_5,2.0,OR,worked OK the one time before it fell apart and became unusable
Home_and_Kitchen_5,5.0,OR,Is s good strong suction vacuume. World's good an the carpet also.
Home_and_Kitchen_5,5.0,OR,Nice floral. no dead heading and no watering.
Home_and_Kitchen_5,5.0,OR,The lghts work beautifully and are very bright.
Home_and_Kitchen_5,5.0,OR,Worked for my rum infused chocolate covered strawberries and molded chocolate hearts.
Home_and_Kitchen_5,5.0,OR,The shells are beautiful and just what I'm looking for.  Thanks.
Home_and_Kitchen_5,5.0,OR,"Good quality, great price.  A tad loose on my 15"" mattress."
Home_and_Kitchen_5,5.0,OR,very sturdy and a great addition to our eat in breakfast nook.
Home_and_Kitchen_5,5.0,OR,"Classic, sturdy and functional.  Perfect for keeping honey at room temperature."
Home_and_Kitchen_5,5.0,OR,"Wonderful!!!!! Great size, throw them in the dishwasher - these area GREAT!!!!!"
Home_and_Kitchen_5,1.0,OR,This one came to me broken!! The handle was a broken piece!
Home_and_Kitchen_5,5.0,OR,"Sturdy,  holds all my Camis and makes them easy to access."
Home_and_Kitchen_5,5.0,CG,Beautiful shower curtain. Just what I wanted. Looks good in my bathroom.
Home_and_Kitchen_5,5.0,CG,I have used these containers for a couple of weeks and I really love them. I have one in
Home_and_Kitchen_5,5.0,CG,Love the way the top holds the suction cups. I also love that the suction cups are
Home_and_Kitchen_5,5.0,CG,"Love the candles...have ordered more...also, have had the candles burn for a couple of weeks"
Home_and_Kitchen_5,5.0,CG,"Used as a white elephant, it's just too thin for my liking."
Home_and_Kitchen_5,5.0,CG,My daughters loves it!  We have had it for a few months now and it's been great
Home_and_Kitchen_5,5.0,CG,"For a single cup of coffee, you can feel the coffee taste fresher, the coffee tastes lighter"
Home_and_Kitchen_5,1.0,CG,Not what I expected my old ones to be. I will keep them for the future.
Home_and_Kitchen_5,5.0,CG,unpacked and used as soon as it arrived.  I was a little surprised how well this one
Home_and_Kitchen_5,2.0,CG,"Very flimsy for blackout curtains. Not an easy task to put together. Also, the dimensions are"
Home_and_Kitchen_5,5.0,CG,"A standard christmas present for a friend, she loves it.

The only reason I gave"
Home_and_Kitchen_5,5.0,CG,"Looks fantastic in my guest room. The only problem is that it's not really a vacuum, but"
Home_and_Kitchen_5,5.0,CG,So easy to put up!  I love the look and feel of this pillow.
Home_and_Kitchen_5,5.0,CG,I absolutely love it.  We have had it for a few months now and it's been great
Home_and_Kitchen_5,5.0,CG,"Fits my 32 oz. Ozark, and I love the fact that it comes with a small"
Home_and_Kitchen_5,5.0,CG,Such an amazing product and looks amazing in the kitchen. I will definitely buy again!Very pretty.
Home_and_Kitchen_5,5.0,CG,Perfect size for eggs for a couple of reasons.  I need a lot of egg whites and they
Home_and_Kitchen_5,5.0,CG,"Great straws - very durable and will last a long time.

The only reason I gave"
Home_and_Kitchen_5,4.0,CG,Does the job but thinner than a professional blender?  I will say that it's a pretty good
Home_and_Kitchen_5,5.0,CG,Nicely made.  Great for keeping an open space on a shelf.  Very well made.
Home_and_Kitchen_5,4.0,CG,Fits well and seems to last a long time. Very good quality.
Home_and_Kitchen_5,5.0,CG,"I love this, perfect for what I need.  I've had mine for a couple of years"
Home_and_Kitchen_5,4.0,CG,"they look pretty, will see some wear and tear on them but overall they are just the right size"
Home_and_Kitchen_5,5.0,CG,Excellent product - my second. I love the look and feel of this pillow.
Home_and_Kitchen_5,5.0,CG,so ergonomically correct are these.  The only problem is that they are not really the same
Home_and_Kitchen_5,5.0,CG,"Mom loves it and is perfect for the summer.Very good quality.Nice, sturdy, and sturdy"
Home_and_Kitchen_5,1.0,CG,Tiny spatulas. Unless you are using a professional spatula you will need to make sure the
Home_and_Kitchen_5,5.0,CG,"Purchased for my 10-year-old daughter, who has arthritis in her hands. "
Home_and_Kitchen_5,5.0,CG,"Easy to set up, sturdy, and easy to clean. I will be purchasing more!Very pretty"
Home_and_Kitchen_5,5.0,CG,"Still a good product after reading a few reviews.Very good quality.Nice, sturdy, and functional"
Home_and_Kitchen_5,5.0,CG,I use these bags to store containers and they are very thick and sturdy. They are very easy to
Home_and_Kitchen_5,3.0,CG,I thought this would be a good addition to my kitchen.  I also have a large kitchen.
Home_and_Kitchen_5,4.0,CG,"Complements different color schemes, that are more vibrant and more comfortable."
Home_and_Kitchen_5,4.0,CG,"Softer than my more expensive, more expensive, more expensive model, I'm just not sure how"
Home_and_Kitchen_5,4.0,CG,I put the bottles of wine in the freezer and they are still fresh!  I have one in
Home_and_Kitchen_5,4.0,CG,"Small and compact, this travel mug has the design and design of a travel mug."
Home_and_Kitchen_5,5.0,CG,Works like a charm. Item looks great and the materials are good.  I have a large one
Home_and_Kitchen_5,5.0,CG,Love it use it daily and it is the best. I will keep my review.Very pretty.
Home_and_Kitchen_5,5.0,CG,"Item exactly as described,  and it arrived with a very good seal.  The dimensions are just"
Home_and_Kitchen_5,5.0,CG,does great on pug dog treats.  It's a good size and the lid is strong enough
Home_and_Kitchen_5,3.0,CG,Does not fit my husbands bed.  It's just too small.  I would order one.
Home_and_Kitchen_5,2.0,CG,This is not what I wanted. The quality is just what I wanted. The dimensions are just what
Home_and_Kitchen_5,5.0,CG,"Very comfortable and helps my wrists. The only problem is that it's not really a vacuum, but"
Home_and_Kitchen_5,5.0,CG,"Don't waste your time buying this set, they are just too thin and need to be cleaned every"
Home_and_Kitchen_5,3.0,CG,"I wish I had bought this sooner, but it is a great product for the price!  It"
Home_and_Kitchen_5,3.0,OR,Wish these were thicker. The cute polka dots pretty much disappear after baking.
Home_and_Kitchen_5,5.0,OR,The hooks are great for hanging stars from my ceiling! And great price!
Home_and_Kitchen_5,1.0,OR,Returned and exchanged twice now. Base broken every time. Over it.
Home_and_Kitchen_5,5.0,OR,"This knife is very sharp, be careful. Worked perfect for what i needed."
Home_and_Kitchen_5,5.0,OR,"Nice to travel with, taking them to Italy where ice is rather scarce."
Home_and_Kitchen_5,3.0,OR,If their handles were a bit thicker/stronger they will be a great product.
Home_and_Kitchen_5,1.0,OR,Do Not buy!! Quit working less than 2 months after it was purchased!!!
Home_and_Kitchen_5,4.0,OR,not as sturdy as i had expected. wobbles. it does the job though.
Home_and_Kitchen_5,5.0,OR,the blue color is much better than on picture. Good price and quality.
Home_and_Kitchen_5,1.0,OR,The knob from the end of the rod broke. Not good quality product.
Home_and_Kitchen_5,5.0,OR,They hold up my clothes. The yellow stuff doesn't rub off. Good hangars.
Home_and_Kitchen_5,4.0,OR,A little shorter then i expected but will try it out next christmas
Home_and_Kitchen_5,5.0,OR,"Love these sheets they are soft, cotton feel fit our king waterbed ."
Home_and_Kitchen_5,4.0,OR,"as others mentioned - cord kinda small, and the hose is kinda stiff."
Home_and_Kitchen_5,5.0,OR,Got this for my daughters new place.  She seems to love it.
Home_and_Kitchen_5,5.0,OR,These were really fun for an Alice and Wonderland themed party.
Home_and_Kitchen_5,5.0,OR,This is a beautiful table runner and looks great on my antique table.
Home_and_Kitchen_5,5.0,OR,"Worked as expected, good price. Not much to say about a balloon weight."
Home_and_Kitchen_5,4.0,OR,"Nice and easy to assemble, it serves it's purpose both functional and aesthetically"
Home_and_Kitchen_5,5.0,OR,These are so useful and attractive.  They made my old knives obsolete.
Home_and_Kitchen_5,5.0,OR,Works great and less than the shark brand! wiil and have bought again
Home_and_Kitchen_5,5.0,OR,This is exactly as advertised. Does. To get moldy.  Easy to clean.
Home_and_Kitchen_5,4.0,OR,Nice design great speed .. It worked excellent for my home made tamales
Home_and_Kitchen_5,1.0,OR,"Smells good, but it was broken and the glass is  cracked bad."
Home_and_Kitchen_5,1.0,OR,I was sent a soap fish that looked nothing like the pictures cattie.
Home_and_Kitchen_5,4.0,OR,"Great product, does it's job well holding my lunch several days a week."
Home_and_Kitchen_5,5.0,OR,"Cute lunchbox, great for preschooler. Fits plenty of food and easy to clean."
Home_and_Kitchen_5,5.0,OR,Nice quality. I bought this to be used with my Solo Campfire Stove.
Home_and_Kitchen_5,5.0,OR,Can't beat this time tested design.  Easy installation... highly functional ...priced right.
Home_and_Kitchen_5,3.0,OR,"In terms of overall durability, they're great, but they do scratch very easily."
Home_and_Kitchen_5,5.0,OR,"So far, so good! And no weird smell, unlike so many plastic liners."
Home_and_Kitchen_5,5.0,OR,Fantastic design. No debris falls out with the ends designed as they are.
Home_and_Kitchen_5,5.0,OR,Nice size.  Fits perfectly.  Love the added organization  they provide.
Home_and_Kitchen_5,5.0,OR,I use this pot for most everything!  This is my second purchase.
Home_and_Kitchen_5,5.0,OR,Very pleased with the product. Arrived in a timely manner. Exactly as shown.
Home_and_Kitchen_5,5.0,OR,Great for the mudrooma and as a towel rack and other wonderful projects.
Home_and_Kitchen_5,5.0,OR,SOOOOOOO cute. I love them. Adorable. Well made and totally worth the price!!
Home_and_Kitchen_5,5.0,OR,I got these as a gift for my son.
Home_and_Kitchen_5,5.0,OR,"Hygienic and great looks, what else do you want from a toilet brush?"
Home_and_Kitchen_5,5.0,OR,I have this on my bar for rimming salt for margaritas. Looks sleek.
Home_and_Kitchen_5,3.0,OR,Returned because I thought I was ordering the bed and not the trundle
Home_and_Kitchen_5,5.0,OR,"This clock is large, easy to read, inexpensive, and gets the job done."
Home_and_Kitchen_5,5.0,OR,great tool ....my knives are a sharp as when I purchased them new
Home_and_Kitchen_5,5.0,OR,Super cute & great price! Have it in the blue and white too!
Home_and_Kitchen_5,4.0,OR,"Bought as a gift for my daughter, seems to be a great buy."
Home_and_Kitchen_5,5.0,CG,Very good buy for the price. The only problem is that it's kind of hard to put the
Home_and_Kitchen_5,1.0,CG,Doesn't fit queen bed. The material is too thick and thin for a queen bed.
Home_and_Kitchen_5,5.0,CG,GREAT PRODUCT... HAVE HAD CORELLE FOR YEARS!!WONDERFUL PRODUCT!
Home_and_Kitchen_5,5.0,CG,"Keep cold drinks cold, hot drinks hot, cold drinks hot.

The only reason I gave"
Home_and_Kitchen_5,5.0,CG,It was as exactly decribed as it was shown on the picture.  The actual dimensions are just
Home_and_Kitchen_5,5.0,CG,"Not only does this ottoman look nice, it's comfortable and looks nice on my countertop"
Home_and_Kitchen_5,4.0,CG,"The glass is wonderful, the colors are vibrant and the design is a nice touch."
Home_and_Kitchen_5,5.0,CG,I bought this as a gift for my daughter and she loved it.  It's been a great
Home_and_Kitchen_5,5.0,CG,Great Product & Service. I use it everyday.Very comfortable.  I love it!Very pretty
Home_and_Kitchen_5,1.0,CG,"These curtains weren't as wide as I expected.  I was expecting a tighter curtain, but the"
Home_and_Kitchen_5,5.0,CG,"Easy to use. Pie edges are a little thin, but I will keep that in mind when making"
Home_and_Kitchen_5,5.0,CG,"Totally works for me, I use it everyday. It is very easy to clean, I have"
Home_and_Kitchen_5,4.0,CG,"The colors are good and look good, the materials are good, and the quality is good."
Home_and_Kitchen_5,5.0,CG,It's so amazing how it looks on the wall.  I will keep it for a long time
Home_and_Kitchen_5,5.0,CG,"These knives aren't only nice, they're also very sharp.

The blade is sharp and"
Home_and_Kitchen_5,5.0,CG,I love this set! It looks great and the colors are vibrant.  I have a large collection
Home_and_Kitchen_5,4.0,CG,"Great cupcake holder. Looked nice and sturdy, but the instructions are a little misleading."
Home_and_Kitchen_5,5.0,CG,My wife has been making cookies for the last two years and she's happy with the way she's
Home_and_Kitchen_5,3.0,CG,The pillow is excessively firm.  I have an older version of this pillow that is a little larger
Home_and_Kitchen_5,5.0,CG,I grow my own spices and herbs and they are just what I needed for my kitchen.
Home_and_Kitchen_5,5.0,CG,High Quality. Works well. Solid material. The only problem is that it's not really a vacuum
Home_and_Kitchen_5,5.0,CG,Handled heavy pans without tipping.  The only problem is that it's kind of hard to put
Home_and_Kitchen_5,3.0,CG,"Look nice but is too small for my liking.Very good quality.Nice, sturdy, and functional"
Home_and_Kitchen_5,5.0,CG,Just Stunning! Clean and Modern. We have had this for a few months now and have been
Home_and_Kitchen_5,5.0,CG,really l;ike this item.  We have had it for a few months now and it's
Home_and_Kitchen_5,5.0,CG,Perfect for my white desk. I love the look and feel of this chair.
Home_and_Kitchen_5,5.0,CG,Gorgeous industrial feel. Easy to use. The only problem is that it's not really a
Home_and_Kitchen_5,4.0,CG,Exactly as described. Purchased as a gift and the recipient loved it.
Home_and_Kitchen_5,5.0,CG,These are a nice size and a nice quality.  I will keep them for the next couple of
Home_and_Kitchen_5,4.0,CG,Knives look well in the kitchen. The only problem is that it's not really a strong one
Home_and_Kitchen_5,5.0,CG,Very pretty and the size is perfect.  It is thick enough to hold a small person and is
Home_and_Kitchen_5,5.0,CG,Used this on my mattress and it kept the sheets comfortable.  I also have a mattress that is
Home_and_Kitchen_5,4.0,CG,COMFORTABLE BUT MADE FOR A LOT OF USE!!  I've had mine for a couple
Home_and_Kitchen_5,5.0,CG,"So far, this thing has been a great addition to my kitchen.  I have a large kitchen"
Home_and_Kitchen_5,3.0,CG,Fit well.  Not as thick as the ones we have but it's still a very nice one
Home_and_Kitchen_5,5.0,CG,"These icetrays really are easy-release, and have the design to make them work.
"
Home_and_Kitchen_5,1.0,CG,"The scale is not accurate, it is just a bit too large.

The scale has a"
Home_and_Kitchen_5,5.0,CG,I use this for doing some laundry and it's a good size.  It's been a couple
Home_and_Kitchen_5,3.0,CG,"These sheets are very thin, and have a wide opening. I will be purchasing a different size for"
Home_and_Kitchen_5,5.0,CG,"These are exactly what I needed. The only problem is that they are small, and the one I"
Home_and_Kitchen_5,2.0,CG,Loved it. Stopped working within a week and the only thing I did was turn it off
Home_and_Kitchen_5,5.0,CG,"Love it, and so will my wife and I. Very good quality."
Home_and_Kitchen_5,5.0,CG,"Make sure you follow,the directions are very easy to follow. I will keep my review for the"
Home_and_Kitchen_5,5.0,CG,"The cushion works well for what it is intended to do.

The only reason I gave it"
Home_and_Kitchen_5,4.0,OR,doesn't last very long. you can only burn so long before it won't float.
Home_and_Kitchen_5,5.0,OR,I use to make beer can chicken on the smoker.  Cleans up easily.
Home_and_Kitchen_5,5.0,OR,"Soft, soft, soft.  We love them.  We would order again without hesitation."
Home_and_Kitchen_5,5.0,OR,Perfect small scale! Easy to use and compact size makes it convenient for travel.
Home_and_Kitchen_5,5.0,OR,I love this pitcher! Perfect for tea and it doesn't drip all over everything!
Home_and_Kitchen_5,5.0,OR,every bit as good as the name brand; do not hesitate to get these!
Home_and_Kitchen_5,5.0,OR,Perfect size for my kitchen.  Easy to assemble. Very happy with this cart!
Home_and_Kitchen_5,3.0,OR,Didn't really help make a difference.  Must be time for a new robot
Home_and_Kitchen_5,5.0,OR,These hooks are gorgeous! They really add an elegant touch to my shower curtain.
Home_and_Kitchen_5,5.0,OR,"Love the color. Love that it is lightweight.
The bowls are much larger than expected."
Home_and_Kitchen_5,5.0,OR,"This item's bulky for a small apartment counter top, but works like a charm!"
Home_and_Kitchen_5,5.0,OR,"Love, love, love this coffee maker. It is the perfect size for my RV."
Home_and_Kitchen_5,4.0,OR,Works well even when only partially submerged. Makes frothing easy for beginners like me.
Home_and_Kitchen_5,4.0,OR,Went together OK and looks good in the corner. The color is very dark
Home_and_Kitchen_5,5.0,OR,You rarely have to use the AC if you live somewhere with no humidity.
Home_and_Kitchen_5,5.0,OR,"GIFT FOR HUSBAND, HAS SHARPENED EVERY KNIFE IN THE HOUSE. WORKS WELL, NO PROBLEMS"
Home_and_Kitchen_5,5.0,OR,"These are nice towels. Absorbs well.
Getting ready to see if they come in gray"
Home_and_Kitchen_5,4.0,OR,Nice product have not had much experience with this thing the roller is awesome..
Home_and_Kitchen_5,4.0,OR,Plastic a little flimsy but it does hold many photos and keeps them safe
Home_and_Kitchen_5,5.0,OR,This knife sharpener works really well I also sharpen my sewing scissors with it
Home_and_Kitchen_5,5.0,OR,This product is sturdy and has a nice design.  Will last and last.
Home_and_Kitchen_5,4.0,OR,Decent for the price. I am using it behind my love seat...so it works.
Home_and_Kitchen_5,4.0,OR,"Definitely not water proof but worth the price, keeps the dust and dirt away."
Home_and_Kitchen_5,3.0,OR,Very nice but you have to be careful in handling. The edges crack easily.
Home_and_Kitchen_5,5.0,OR,Had a mismatched header vs bed frame.  This worked great! Have recommended since!
Home_and_Kitchen_5,5.0,OR,It was a gift for my daughter and she said it really works well.
Home_and_Kitchen_5,3.0,OR,"kind of cheap, really thin metal, does the trick.
Exactly what youd expect for $1.99."
Home_and_Kitchen_5,5.0,OR,"Love this product, wish it had built in razor for cutting, otherwise I'm happy"
Home_and_Kitchen_5,5.0,OR,cute - my granddaughter is 3 & has it in her play kitchen set
Home_and_Kitchen_5,5.0,OR,A gift for my granddaughter after she saw mine and we both love them.
Home_and_Kitchen_5,5.0,OR,This worked great for my skin and my hair! Definitely recommend it to others!
Home_and_Kitchen_5,5.0,OR,"Simply put, they are fantastic.  Very happy with my purchase!  Thank you!"